INSERT INTO diseasetype VALUES (1, 'acute disease is one of a short-term nature (acute)');
INSERT INTO diseasetype VALUES (2, 'chronic disease is one that persists over time');
INSERT INTO diseasetype VALUES (3, 'congenital disorder is one that is present at birth');
INSERT INTO diseasetype VALUES (4, 'virology');
INSERT INTO diseasetype VALUES (5, 'hereditary disease is a type of genetic disease caused by genetic mutations that are hereditary');
INSERT INTO diseasetype VALUES (6, 'iatrogenic disease or condition is one that is caused by medical intervention');
INSERT INTO diseasetype VALUES (7, 'idiopathic disease has an unknown cause or source');
INSERT INTO diseasetype VALUES (8, 'disease that cannot be cured');
INSERT INTO diseasetype VALUES (9, 'infectious diseases');
INSERT INTO diseasetype VALUES (10, 'acquired disease is one that began at some point during lifetime');

INSERT INTO country VALUES('USA', 332403650);
INSERT INTO country VALUES('Kazakhstan', 19308484);
INSERT INTO country VALUES('Russia', 146082519);
INSERT INTO country VALUES('China', 1425887337);
INSERT INTO country VALUES('India', 1407563842);
INSERT INTO country VALUES('Japan', 128547854);
INSERT INTO country VALUES('Korea', 51844834);
INSERT INTO country VALUES('United Kingdom', 67081234);
INSERT INTO country VALUES('Turkey', 84680273);
INSERT INTO country VALUES('Italy', 60461826);

INSERT INTO disease (id, disease_code, pathogen, description, disease_id) VALUES(1, 'Coxsackievirus','Virus','Coxsackieviruses are belong to the Picornaviridae family of nonenveloped, linear, positive-sense single-stranded RNA viruses', 1);
INSERT INTO disease (id, disease_code, pathogen, description, disease_id) VALUES(2, 'covid-19','bacteria','Salmonella is a genus of rod-shaped Gram-negative bacteria of the family Enterobacteriaceae', 2);
INSERT INTO disease (id, disease_code, pathogen, description, disease_id) VALUES(3, 'Bacillus','bacteria','Bacillus is a genus of Gram-positive, rod-shaped bacteria, a member of the phylum Bacillota', 3);
INSERT INTO disease (id, disease_code, pathogen, description, disease_id) VALUES(4, 'Yeasts','Fungi','Yeasts are eukaryotic, single-celled microorganisms classified as members of the fungus kingdom', 4);
INSERT INTO disease (id, disease_code, pathogen, description, disease_id) VALUES(5, 'Molds','Fungi','A mold or mould is one of the structures certain fungi can form', 5);
INSERT INTO disease (id, disease_code, pathogen, description, disease_id) VALUES(6, 'Fungi','Parasites','A fungus is any member of the group of eukaryotic organisms', 6);
INSERT INTO disease (id, disease_code, pathogen, description, disease_id) VALUES(7, 'Leeches','Parasites','Leeches are segmented parasitic or predatory worms that comprise the subclass Hirudinea within the phylum Annelida', 7);
INSERT INTO disease (id, disease_code, pathogen, description, disease_id) VALUES(8, 'Lice','Parasites','Louse is the common name for any member of the clade Phthiraptera', 8);
INSERT INTO disease (id, disease_code, pathogen, description, disease_id) VALUES(9, 'Viruses','Parasites','A virus is a submicroscopic infectious agent that replicates only inside the living cells of an organism', 9);
INSERT INTO disease (id, disease_code, pathogen, description, disease_id) VALUES(10, 'Adenoviruses','Virus','Adenoviruses are medium-sized, nonenveloped viruses with an icosahedral nucleocapsid containing a double-stranded DNA genome', 10);

INSERT INTO discover (cname, first_enc_date, disease_code) VALUES('Kazakhstan', '1920-01-01', 'Coxsackievirus');
INSERT INTO discover (cname, first_enc_date, disease_code) VALUES('Russia', '1930-01-01', 'covid-19');
INSERT INTO discover (cname, first_enc_date, disease_code) VALUES('China', '1940-01-01', 'Bacillus');
INSERT INTO discover (cname, first_enc_date, disease_code) VALUES('India', '1950-01-01', 'Yeasts');
INSERT INTO discover (cname, first_enc_date, disease_code) VALUES('Japan', '1960-01-01', 'Molds');
INSERT INTO discover (cname, first_enc_date, disease_code) VALUES('Korea', '1970-01-01', 'Fungi');
INSERT INTO discover (cname, first_enc_date, disease_code) VALUES('United Kingdom', '1980-01-01', 'Leeches');
INSERT INTO discover (cname, first_enc_date, disease_code) VALUES('Turkey', '1990-01-01', 'Lice');
INSERT INTO discover (cname, first_enc_date, disease_code) VALUES('Italy', '2000-01-01', 'Viruses');
INSERT INTO discover (cname, first_enc_date, disease_code) VALUES('USA', '1910-01-01', 'Adenoviruses');

INSERT INTO users VALUES(1, 'a@gmail.com', 'Erasyl', 'Imaginary1', 100000, '+77000000001', 'USA');
INSERT INTO users VALUES(2, 'b@gmail.com', 'Timur', 'Imaginary2', 200000, '+77000000002', 'Kazakhstan');
INSERT INTO users VALUES(3, 'c@gmail.com', 'Ali', 'Imaginary3', 300000, '+77000000003', 'Russia');
INSERT INTO users VALUES(4, 'd@gmail.com', 'Ramazan', 'Imaginary4', 400000, '+77000000004', 'China');
INSERT INTO users VALUES(5, 'e@gmail.com', 'Samir', 'Imaginary5', 500000, '+77000000005', 'India');
INSERT INTO users VALUES(6, 'f@gmail.com', 'Anel', 'Imaginary6', 600000, '+77000000006', 'Japan');
INSERT INTO users VALUES(7, 'g@gmail.com', 'Sat', 'Imaginary7', 700000, '+77000000007', 'Korea');
INSERT INTO users VALUES(8, 'h@gmail.com', 'Bexultan', 'Imaginary8', 800000, '+77000000008', 'United Kingdom');
INSERT INTO users VALUES(9, 'i@gmail.com', 'Karina', 'Imaginary9', 900000, '+77000000009', 'Turkey');
INSERT INTO users VALUES(10, 'j@gmail.com', 'Ester', 'Imaginary10', 1000000, '+77000000010', 'Italy');
INSERT INTO users VALUES(11, 'k@gmail.com', 'Erasyl2', 'Imaginary11', 1100000, '+77000000011', 'USA');
INSERT INTO users VALUES(12, 'l@gmail.com', 'Timur2', 'Imaginary12', 1200000, '+77000000012', 'Kazakhstan');
INSERT INTO users VALUES(13, 'm@gmail.com', 'BekTest', 'Imaginary13', 1300000, '+77000000013', 'Kazakhstan');
INSERT INTO users VALUES(14, 'n@gmail.com', 'Beksssss', 'Imaginary14', 1400000, '+77000000014', 'China');
INSERT INTO users VALUES(15, 'o@gmail.com', 'gulAAA', 'Imaginary15', 1500000, '+77000000015', 'India');
INSERT INTO users VALUES(16, 'p@gmail.com', 'AAAGul', 'Imaginary16', 1600000, '+77000000016', 'Japan');
INSERT INTO users VALUES(17, 'q@gmail.com', 'Sat2', 'Imaginary17', 1700000, '+77000000017', 'Korea');
INSERT INTO users VALUES(18, 'r@gmail.com', 'Bexultan2', 'Imaginary18', 1800000, '+77000000018', 'United Kingdom');
INSERT INTO users VALUES(19, 's@gmail.com', 'Karina2', 'Imaginary19', 1900000, '+77000000019', 'Turkey');
INSERT INTO users VALUES(20, 't@gmail.com', 'Ester2', 'Imaginary20', 2000000, '+77000000020', 'Italy');

INSERT INTO publicservant (id, email, department) VALUES(1, 'a@gmail.com', 'Department 1');
INSERT INTO publicservant (id, email, department) VALUES(2, 'b@gmail.com', 'Department 2');
INSERT INTO publicservant (id, email, department) VALUES(3, 'c@gmail.com', 'Department 1');
INSERT INTO publicservant (id, email, department) VALUES(4, 'd@gmail.com', 'Department 4');
INSERT INTO publicservant (id, email, department) VALUES(5, 'e@gmail.com', 'Department 5');
INSERT INTO publicservant (id, email, department) VALUES(6, 'f@gmail.com', 'Department 6');
INSERT INTO publicservant (id, email, department) VALUES(7, 'g@gmail.com', 'Department 7');
INSERT INTO publicservant (id, email, department) VALUES(8, 'h@gmail.com', 'Department 8');
INSERT INTO publicservant (id, email, department) VALUES(9, 'i@gmail.com', 'Department 9');
INSERT INTO publicservant (id, email, department) VALUES(10, 'j@gmail.com', 'Department 10');

INSERT INTO doctor (id, email, degree) VALUES(1, 'k@gmail.com', 'Degree 1');
INSERT INTO doctor (id, email, degree) VALUES(2, 'l@gmail.com', 'Degree 2');
INSERT INTO doctor (id, email, degree) VALUES(3, 'm@gmail.com', 'Degree 3');
INSERT INTO doctor (id, email, degree) VALUES(4, 'n@gmail.com', 'Degree 4');
INSERT INTO doctor (id, email, degree) VALUES(5, 'o@gmail.com', 'Degree 5');
INSERT INTO doctor (id, email, degree) VALUES(6, 'p@gmail.com', 'Degree 6');
INSERT INTO doctor (id, email, degree) VALUES(7, 'q@gmail.com', 'Degree 7');
INSERT INTO doctor (id, email, degree) VALUES(8, 'r@gmail.com', 'Degree 8');
INSERT INTO doctor (id, email, degree) VALUES(9, 's@gmail.com', 'Degree 9');
INSERT INTO doctor (id, email, degree) VALUES(10, 't@gmail.com', 'Degree 10');

INSERT INTO specialize (id, disease_id, email) VALUES(1 ,1 ,'k@gmail.com');
INSERT INTO specialize (id, disease_id, email) VALUES(2 ,2 ,'k@gmail.com');
INSERT INTO specialize (id, disease_id, email) VALUES(3 ,1 ,'l@gmail.com');
INSERT INTO specialize (id, disease_id, email) VALUES(4 ,4 ,'l@gmail.com');
INSERT INTO specialize (id, disease_id, email) VALUES(5 ,6 ,'l@gmail.com');
INSERT INTO specialize (id, disease_id, email) VALUES(6 ,2 ,'m@gmail.com');
INSERT INTO specialize (id, disease_id, email) VALUES(7 ,4 ,'m@gmail.com');
INSERT INTO specialize (id, disease_id, email) VALUES(8 ,3 ,'n@gmail.com');
INSERT INTO specialize (id, disease_id, email) VALUES(9 ,4 ,'o@gmail.com');
INSERT INTO specialize (id, disease_id, email) VALUES(10 ,5 ,'p@gmail.com');
INSERT INTO specialize (id, disease_id, email) VALUES(11 ,6 ,'q@gmail.com');
INSERT INTO specialize (id, disease_id, email) VALUES(12 ,7 ,'r@gmail.com');
INSERT INTO specialize (id, disease_id, email) VALUES(13 ,8 ,'s@gmail.com');
INSERT INTO specialize (id, disease_id, email) VALUES(14 ,9 ,'s@gmail.com');
INSERT INTO specialize (id, disease_id, email) VALUES(15 ,8 ,'t@gmail.com');
INSERT INTO specialize (id, disease_id, email) VALUES(16 ,9 ,'t@gmail.com');
INSERT INTO specialize (id, disease_id, email) VALUES(17 ,10 ,'k@gmail.com');

INSERT INTO record VALUES(1, 100000, 200000, 'Kazakhstan', 'covid-19', 'a@gmail.com');
INSERT INTO record VALUES(2, 100000, 200000, 'Russia', 'covid-19', 'a@gmail.com');
INSERT INTO record VALUES(3, 100000, 200000, 'India', 'covid-19', 'a@gmail.com');
INSERT INTO record VALUES(4, 100000, 200000, 'China', 'covid-19', 'a@gmail.com');
INSERT INTO record VALUES(5, 200000, 300000, 'Japan', 'covid-19', 'b@gmail.com');
INSERT INTO record VALUES(6, 200000, 300000, 'Turkey', 'covid-19', 'b@gmail.com');
INSERT INTO record VALUES(7, 200000, 300000, 'Kazakhstan', 'Coxsackievirus', 'b@gmail.com');
INSERT INTO record VALUES(8, 300000, 400000, 'Russia', 'covid-19', 'c@gmail.com');
INSERT INTO record VALUES(9, 300000, 400000, 'USA', 'covid-19', 'c@gmail.com');
INSERT INTO record VALUES(10, 300000, 400000, 'Kazakhstan', 'covid-19', 'c@gmail.com');
INSERT INTO record VALUES(11, 400000, 500000, 'China', 'Bacillus', 'd@gmail.com');
INSERT INTO record VALUES(12, 500000, 600000, 'India', 'Yeasts', 'e@gmail.com');
INSERT INTO record VALUES(13, 600000, 700000, 'Japan', 'Molds', 'f@gmail.com');
INSERT INTO record VALUES(14, 700000, 800000, 'Korea', 'Fungi', 'g@gmail.com');
INSERT INTO record VALUES(15, 800000, 900000, 'United Kingdom', 'Leeches', 'h@gmail.com');
INSERT INTO record VALUES(16, 900000, 1000000, 'Turkey', 'Lice', 'i@gmail.com');
INSERT INTO record VALUES(17, 1000000, 1100000, 'Italy', 'Viruses', 'j@gmail.com');
INSERT INTO record VALUES(18, 100000, 200000, 'USA', 'covid-19', 'a@gmail.com');

